{
  "model_path": "checkpoints/few_shot_supervised_10percent_unfrozen/best_stage3_fewshot.pth",
  "manifest_path": "data/cross_domain/manifest_test_singing_only.csv",
  "total_samples": 12464,
  "overall": {
    "EER": 0.4936308952724947,
    "AUC": 0.49132795892356607,
    "Accuracy": 0.5063382541720154,
    "Precision": 0.8776029248132252,
    "Recall": 0.5063279530447542, 
    "F1": 0.6421634195987206,
    "Threshold": 0.47891685366630554
  },
  "per_dataset": {
    "singfake": {
      "EER": 0.5653361344537815,
      "AUC": 0.43151260504201683,
      "Accuracy": 0.43478260869565216,
      "Precision": 0.4264705882352941,
      "Recall": 0.4264705882352941,
      "F1": 0.4264705882352941,
      "Threshold": 0.4807450473308563
    },
    "svdd": {
      "EER": 0.491207905044334,
      "AUC": 0.49612294712380556,
      "Accuracy": 0.5088430958948564,
      "Precision": 0.882804995196926,
      "Recall": 0.508859357696567,
      "F1": 0.6455918510713031,
      "Threshold": 0.4788772165775299
    }
  }
}
