{
  "model_path": "checkpoints/few_shot_supervised_30percent_stage2/best_stage2_fewshot.pth",
  "manifest_path": "data/cross_domain/manifest_test_singing_only.csv",
  "total_samples": 12464,
  "overall": {
    "EER": 0.5249266324284667,
    "AUC": 0.4666373020016179,
    "Accuracy": 0.4751283697047497,
    "Precision": 0.8635, 
    "Recall": 0.47514673514306677,
    "F1": 0.612991008045433,
    "Threshold": 0.5051159858703613
  },
  "per_dataset": {
    "singfake": {
      "EER": 0.49264705882352944,
      "AUC": 0.563235294117647,
      "Accuracy": 0.5072463768115942,
      "Precision": 0.5,
      "Recall": 0.5147058823529411,
      "F1": 0.5072463768115942,
      "Threshold": 0.5016043186187744
    },
    "ctrsvdd": {
      "EER": 0.5362548031542881,
      "AUC": 0.4550823318245669,
      "Accuracy": 0.46373519389907514,
      "Precision": 0.8628090659340659,
      "Recall": 0.4637320044296788,
      "F1": 0.6032412965186075,
      "Threshold": 0.5052465796470642
    }
  }
}
