dataset,n_samples,n_spoof,n_bonafide,eer,roc_auc,pr_auc,tDCF_min_norm
asvspoof2019,18029,16156,1873,0.005938446251556649,0.9998555197343784,0.9999831636654612,0.21161800701600705
asvspoof2021,145331,130516,14815,0.09489436601325942,0.9644668346550047,0.9956750187527871,5.7101652229817805
singfake,138,68,70,0.07962184873949578,0.9724789915966388,0.9746355997794547,4.236334511563869
svdd,12326,10836,1490,0.16519153158375882,0.9358921975220555,0.9903266936750048,4.6872625186124095
wavefake,4390,2425,1965,0.0025093780331050973,0.999967891713229,0.9999743301503385,0.16451218761004963
