{
  "model": "3-branch (LogMel + MFCC + W2V-ResNet)",
  "split": "test",
  "overall": {
    "eer": 0.08717303869148846,
    "roc_auc": 0.9706992675678106,
    "pr_auc": 0.9960958545235133,
    "tDCF_min_norm": 5.116519724126829
  },
  "gate_weights": {
    "LogMel": 0.43046218156814575,
    "MFCC": 0.3435075283050537,
    "W2V-ResNet": 0.2261819690465927
  },
  "tdcf_config": {
    "p_tar": 0.9801,
    "p_non": 0.0099,
    "p_spoof": 0.01,
    "C_miss_asv": 1.0,
    "C_fa_asv": 10.0,
    "C_miss_cm": 1.0,
    "C_fa_cm": 10.0,
    "P_miss_asv": 0.01,
    "P_fa_asv": 0.01
  }
}