{
  "model_path": "checkpoints/unified_3branch_speech_only/best_stage2_3branch.pth",
  "manifest_path": "data/cross_domain/manifest_test_singing_only.csv",
  "total_samples": 12464,
  "overall": {
    "EER": 0.5123718419022895,
    "AUC": 0.48442743900144847,
    "Accuracy": 0.4874839537869063,
    "Precision": 0.8693163231926726,
    "Recall": 0.48743580337490827,
    "F1": 0.624632741802797,
    "Threshold": 0.935049295425415
  },
  "per_dataset": {
    "singfake": {
      "EER": 0.5369224030700703,
      "AUC": 0.47069327731092436,
      "Accuracy": 0.4855072463768116,
      "Precision": 0.4788732394366197,
      "Recall": 0.5,
      "F1": 0.4892086330935252,
      "Threshold": 0.797892689704895
    },
    "svdd": {
      "EER": 0.43163224030700703,
      "AUC": 0.47102474723826365,
      "Accuracy": 0.47768943696251825,
      "Precision": 0.8693315418206248,
      "Recall": 0.4776670358065707,
      "F1": 0.6165574746873139,
      "Threshold": 0.9369999170303345
    }
  }
}
