{
  "model_path": "checkpoints/unified_3branch_speech_FINAL/best_stage3_3branch.pth",
  "manifest_path": "data/cross_domain/manifest_test_singing_only.csv",
  "total_samples": 12464,
  "overall": {
    "EER": 0.3693641006828828,
    "AUC": 0.6606243063002051,
    "Accuracy": 0.6305359435173299,
    "Precision": 0.9226949402764729,
    "Recall": 0.6305025678650037,
    "F1": 0.7491146826477799,
    "Threshold": 0.9998764991760254
  },
  "per_dataset": {
    "singfake": {
      "EER": 0.5071428571428571,
      "AUC": 0.4845588235294117,
      "Accuracy": 0.4927536231884058,
      "Precision": 0.4857142857142857,
      "Recall": 0.5,
      "F1": 0.4927536231884058,
      "Threshold": 0.004854488652199507
    },
    "svdd": {
      "EER": 0.3695154233588758,
      "AUC": 0.6583778654794731,
      "Accuracy": 0.6306993347395748,
      "Precision": 0.9253994042783644,
      "Recall": 0.6307678110003692,
      "F1": 0.7501920755131161,
      "Threshold": 0.9998968839645386
    }
  }
}