{
  "model": "../checkpoints/dann_3branch/best_stage3_dann.pth",
  "manifest": "../data/cross_domain/manifest_test_singing_only.csv",
  "timestamp": "2025-12-09T14:40:15.233784",
  "metrics": {
    "eer": 0.1526301804089772,
    "auc": 0.9457467090411422,
    "acc_at_eer": 0.8473202824133504,
    "eer_threshold": 0.8755829930305481,
    "num_samples": 12464,
    "num_bonafide": 1560,
    "num_spoof": 10904,
    "per_dataset": {
      "singfake": {
        "samples": 138,
        "eer": 0.21764705882352944,
        "auc": 0.8397058823529411
      },
      "svdd": {
        "samples": 12326,
        "eer": 0.15301431222299022,
        "auc": 0.945636623881122
      }
    }
  }
}