{
  "model_path": "checkpoints/50_50_best_stage3_fewshot.pth",
  "manifest_path": "manifest.csv",
  "split": "test",
  "total_samples": 115690,
  "overall": { 
    "EER": 0.06988686320402887,
    "AUC": 0.973146998544723,
    "Accuracy": 0.9301063186100786,
    "Precision": 0.9900245213126728,
    "Recall": 0.9301042064915841,
    "F1": 0.959129415094721,
    "Threshold": 0.9999204874038696
  },
  "per_dataset": {
    "asvspoof2019": {
      "EER": 0.0037565034295226453,
      "AUC": 0.9991364065550419,
      "Accuracy": 0.9962282988518498,
      "Precision": 0.9995652713948577,
      "Recall": 0.9962243129487497,
      "F1": 0.9978919957839916,
      "Threshold": 0.9999274015426636
    },
    "asvspoof2021": {
      "EER": 0.09464811385538384,
      "AUC": 0.9577973706762726,
      "Accuracy": 0.9053547341195689,
      "Precision": 0.9882005899705014,
      "Recall": 0.9053554685345541,
      "F1": 0.9449657475102182,
      "Threshold": 0.9999887943267822
    },
    "singfake": {
      "EER": 0.44201680672268906,
      "AUC": 0.5615546218487395,
      "Accuracy": 0.5579710144927537,
      "Precision": 0.5507246376811594,
      "Recall": 0.5588235294117647,
      "F1": 0.5547445255474452,
      "Threshold": 0.032819848507642746
    },
    "svdd": {
      "EER": 0.01815047282114551,
      "AUC": 0.9984790630783293,
      "Accuracy": 0.9818270322894694,
      "Precision": 0.9974685917869867,
      "Recall": 0.9818198597268365,
      "F1": 0.9895823644312157,
      "Threshold": 0.9841026663780212
    },
    "wavefake": {
      "EER": 0.003636840586553348,
      "AUC": 0.999915112405236,
      "Accuracy": 0.9963553530751709,
      "Precision": 0.9971110193974412,
      "Recall": 0.9962886597938144,
      "F1": 0.9966996699669967,
      "Threshold": 0.9998395442962646
    }
  }
}
