{
  "split": "test",
  "overall": {
    "eer": 0.08292356987640442,
    "roc_auc": 0.9799844098090105,
    "pr_auc": 0.9973051323571952,
    "tDCF_min_norm": 3.1512515702442765
  },
  "gate_weights": {
    "LogMel": 0.3472285270690918,
    "MFCC": 0.25608670711517334,
    "W2V-ResNet": 0.30450505018234253,
    "W2V-Transformer": 0.09218273311853409
  },
  "tdcf_config": {
    "p_tar": 0.9801,
    "p_non": 0.0099,
    "p_spoof": 0.01,
    "C_miss_asv": 1.0,
    "C_fa_asv": 10.0,
    "C_miss_cm": 1.0,
    "C_fa_cm": 10.0,
    "P_miss_asv": 0.01,
    "P_fa_asv": 0.01
  }
}