dataset,n_samples,n_spoof,n_bonafide,eer,roc_auc,pr_auc,tDCF_min_norm
asvspoof2019,18029,16156,1873,0.003508917393375094,0.9999512891327708,0.9999943476093115,0.15204919039038797
asvspoof2021,145331,130516,14815,0.08890634512238538,0.9771660179594839,0.9972212888038923,3.3599482156266833
singfake,138,68,70,0.11617647058823528,0.9531512605042017,0.9596131234230961,3.40697858236984
svdd,12326,10836,1490,0.16980150678449416,0.9359335399525817,0.9902911137218312,4.315449728107615
wavefake,4390,2425,1965,0.00020618556701029744,0.9999983211353322,0.9999986437947743,0.0038214357707403845
