{
  "overall_eer": 0.08292356987640442,
  "overall_auc": 0.9799844098090105,
  "overall_pr_auc": 0.9973051323571952,
  "overall_tDCF_min_norm": 3.1512515702442765,
  "per_dataset_eers": {
    "asvspoof2019": 0.003508917393375094,
    "asvspoof2021": 0.08890634512238538,
    "svdd": 0.16980150678449416,
    "singfake": 0.11617647058823528,
    "wavefake": 0.00020618556701029744
  },
  "per_dataset_auc": {
    "asvspoof2019": 0.9999512891327708,
    "asvspoof2021": 0.9771660179594839,
    "svdd": 0.9359335399525817,
    "singfake": 0.9531512605042017,
    "wavefake": 0.9999983211353322
  },
  "per_dataset_pr_auc": {
    "asvspoof2019": 0.9999943476093115,
    "asvspoof2021": 0.9972212888038923,
    "svdd": 0.9902911137218312,
    "singfake": 0.9596131234230961,
    "wavefake": 0.9999986437947743
  },
  "per_dataset_tDCF_min_norm": {
    "asvspoof2019": 0.15204919039038797,
    "asvspoof2021": 3.3599482156266833,
    "svdd": 4.315449728107615,
    "singfake": 3.40697858236984,
    "wavefake": 0.0038214357707403845
  },
  "gate_weights": {
    "LogMel": 0.3472285270690918,
    "MFCC": 0.25608670711517334,
    "W2V-ResNet": 0.30450505018234253,
    "W2V-Transformer": 0.09218273311853409
  },
  "split": "test"
}